{
  "project_info": {
    "project_number": "518613372775",
    "firebase_url": "https://soil-analysis-crop-fertility-p-default-rtdb.asia-southeast1.firebasedatabase.app",
    "project_id": "soil-analysis-crop-fertility-p",
    "storage_bucket": "soil-analysis-crop-fertility-p.appspot.com"
  },
  "client": [
    {
      "client_info": {
        "mobilesdk_app_id": "1:518613372775:android:68fad130c22380c2e129c2",
        "android_client_info": {
          "package_name": "basit.com.soilanalysis"
        }
      },
      "oauth_client": [],
      "api_key": [
        {
          "current_key": "AIzaSyAZMdiw2ez6ibLmwUvGgilNH09-0Lj9wx0"
        }
      ],
      "services": {
        "appinvite_service": {
          "other_platform_oauth_client": []
        }
      }
    },
    {
      "client_info": {
        "mobilesdk_app_id": "1:518613372775:android:68fad130c22380c2e129c2",
        "android_client_info": {
          "package_name": "basit.com.soilanalysisproject"
        }
      },
      "oauth_client": [],
      "api_key": [
        {
          "current_key": "AIzaSyA46I9DLtBogSgjc1lpPJn8OJNZkv75grI"
        }
      ],
      "services": {
        "appinvite_service": {
          "other_platform_oauth_client": []
        }
      }
    }
  ],
  "configuration_version": "1"
}